[{"model": "auth.user", "pk": 1, "fields": {"password": "pbkdf2_sha256$36000$bwCz1DNoAxKq$H4HmgZJ65SBLeIfBvyjAhJX7RYIMHFUzhPA76ZjXeio=", "last_login": "2017-08-09T02:55:46.749Z", "is_superuser": true, "username": "admin", "first_name": "", "last_name": "", "email": "admin@gmail.com", "is_staff": true, "is_active": true, "date_joined": "2017-05-16T04:04:22.635Z", "groups": [], "user_permissions": []}}, {"model": "auth.user", "pk": 3, "fields": {"password": "pbkdf2_sha256$36000$RXwE39wBoTDL$WJ88UPRQ4zBIDDRIW/ji2CoZsUFkUugu4a16LI7jSPY=", "last_login": null, "is_superuser": true, "username": "plinio", "first_name": "Plinio", "last_name": "Puello", "email": "plinio@gmail.com", "is_staff": true, "is_active": true, "date_joined": "2017-05-29T21:23:11.084Z", "groups": [], "user_permissions": []}}, {"model": "auth.user", "pk": 4, "fields": {"password": "pbkdf2_sha256$36000$wTR7ky9aJU7R$mpP18j3mW0JwxHkQu0kVsA9e4tsVVsujgBEYid62GNo=", "last_login": "2017-06-20T04:34:24.877Z", "is_superuser": false, "username": "demo", "first_name": "Mario Jos\u00e9", "last_name": "Pacheco", "email": "mariobarrpach@gmail.com", "is_staff": false, "is_active": true, "date_joined": "2017-05-29T21:37:35.492Z", "groups": [], "user_permissions": []}}, {"model": "auth.user", "pk": 5, "fields": {"password": "pbkdf2_sha256$36000$VY8Ee8ryjtrw$W8PVm/y5ERBJZmGgI/uZ/+mF+QXc9A2WW1DpjnhFnXI=", "last_login": "2017-06-26T22:43:20.304Z", "is_superuser": false, "username": "empleado", "first_name": "Diu", "last_name": "Dias", "email": "empleado@gmail.com", "is_staff": false, "is_active": true, "date_joined": "2017-05-29T21:44:57.212Z", "groups": [], "user_permissions": []}}, {"model": "auth.user", "pk": 6, "fields": {"password": "pbkdf2_sha256$36000$xFuVjl5wTeOz$kZG3wSPZoQ4VxrKDLD4aChPUQlRq6M1DOvkuxwBQNWM=", "last_login": null, "is_superuser": true, "username": "admin2", "first_name": "Juan", "last_name": "Deu", "email": "admin2@gmail.com", "is_staff": true, "is_active": true, "date_joined": "2017-06-20T04:11:41.511Z", "groups": [], "user_permissions": []}}, {"model": "auth.user", "pk": 7, "fields": {"password": "admin123456", "last_login": null, "is_superuser": false, "username": "1143685755", "first_name": "Luis", "last_name": "Barrios", "email": "luisbarrios@gmail.com", "is_staff": false, "is_active": true, "date_joined": "2017-07-27T03:24:14.707Z", "groups": [], "user_permissions": []}}, {"model": "auth.user", "pk": 8, "fields": {"password": "admin123456", "last_login": null, "is_superuser": false, "username": "1143685743", "first_name": "Jhon", "last_name": "Pacheco", "email": "jhon@gmail.com", "is_staff": false, "is_active": true, "date_joined": "2017-07-27T03:24:14.710Z", "groups": [], "user_permissions": []}}, {"model": "auth.user", "pk": 9, "fields": {"password": "pbkdf2_sha256$36000$NTlQoWTVZPoA$+K+72Eqx0p9YlXoRrrjUrmG7bDhqIOh+fgVIiq05yvA=", "last_login": null, "is_superuser": false, "username": "1143685744", "first_name": "Luis 2", "last_name": "Barrios 2", "email": "luisbarrios2@gmail.com", "is_staff": false, "is_active": true, "date_joined": "2017-07-27T22:23:13.161Z", "groups": [], "user_permissions": []}}, {"model": "auth.user", "pk": 10, "fields": {"password": "pbkdf2_sha256$36000$kSTTtN6IwJFy$U6Gs007Kfqs3+b+EseQs7ymN1CPEBO6OCTflKg4Hwes=", "last_login": "2017-07-27T22:23:29.589Z", "is_superuser": false, "username": "1143685745", "first_name": "Jhon 2", "last_name": "Pacheco 2", "email": "jhon2@gmail.com", "is_staff": false, "is_active": true, "date_joined": "2017-07-27T22:23:13.190Z", "groups": [], "user_permissions": []}}, {"model": "auth.user", "pk": 12, "fields": {"password": "pbkdf2_sha256$36000$oIjoSexpgbSk$K30pURcxzLm4sFEqFoF8z3iTQSy9Mj5LioCpVlEQaKs=", "last_login": "2017-07-28T00:46:36.638Z", "is_superuser": false, "username": "1143685747", "first_name": "Luis 3", "last_name": "Barrios 3", "email": "luisbarrios3@gmail.com", "is_staff": false, "is_active": true, "date_joined": "2017-07-28T00:46:22.411Z", "groups": [], "user_permissions": []}}, {"model": "auth.user", "pk": 13, "fields": {"password": "pbkdf2_sha256$36000$AUOqMN0RWLSP$amwu0Z1Er798/oO5ohaDCZg61jA+v0AINunSqhztwWI=", "last_login": null, "is_superuser": false, "username": "1143685746", "first_name": "Jhon 4", "last_name": "Pacheco 3", "email": "jhon4@gmail.com", "is_staff": false, "is_active": true, "date_joined": "2017-07-28T00:46:22.441Z", "groups": [], "user_permissions": []}}, {"model": "sessions.session", "pk": "2yxrp4p3m0hei9r3o1snosc2nci99bn0", "fields": {"session_data": "ZmQxOThmYTY4NWJiNmJiZmU0ZTYxMjM0YjA5MmRhM2Y5N2JjNmUzMDp7Il9hdXRoX3VzZXJfaGFzaCI6IjhkODRlYjhiNDZjYWIxZmVhYTRjYThlNDM4OTRiYmZjOTgwNTY2MDIiLCJfYXV0aF91c2VyX2JhY2tlbmQiOiJkamFuZ28uY29udHJpYi5hdXRoLmJhY2tlbmRzLk1vZGVsQmFja2VuZCIsIl9hdXRoX3VzZXJfaWQiOiIxIn0=", "expire_date": "2017-06-12T16:50:14.872Z"}}, {"model": "sessions.session", "pk": "3v277uxqr17fhadrcnwqaim4l7xvtlw0", "fields": {"session_data": "ZmQxOThmYTY4NWJiNmJiZmU0ZTYxMjM0YjA5MmRhM2Y5N2JjNmUzMDp7Il9hdXRoX3VzZXJfaGFzaCI6IjhkODRlYjhiNDZjYWIxZmVhYTRjYThlNDM4OTRiYmZjOTgwNTY2MDIiLCJfYXV0aF91c2VyX2JhY2tlbmQiOiJkamFuZ28uY29udHJpYi5hdXRoLmJhY2tlbmRzLk1vZGVsQmFja2VuZCIsIl9hdXRoX3VzZXJfaWQiOiIxIn0=", "expire_date": "2017-06-20T03:23:35.432Z"}}, {"model": "sessions.session", "pk": "72zsogy3c6dflrcy61mldzw9hheuz1l9", "fields": {"session_data": "ZmQxOThmYTY4NWJiNmJiZmU0ZTYxMjM0YjA5MmRhM2Y5N2JjNmUzMDp7Il9hdXRoX3VzZXJfaGFzaCI6IjhkODRlYjhiNDZjYWIxZmVhYTRjYThlNDM4OTRiYmZjOTgwNTY2MDIiLCJfYXV0aF91c2VyX2JhY2tlbmQiOiJkamFuZ28uY29udHJpYi5hdXRoLmJhY2tlbmRzLk1vZGVsQmFja2VuZCIsIl9hdXRoX3VzZXJfaWQiOiIxIn0=", "expire_date": "2017-07-10T22:40:04.681Z"}}, {"model": "sessions.session", "pk": "7naymy0cuyffxktwiophclqivnuj7uob", "fields": {"session_data": "ZmQxOThmYTY4NWJiNmJiZmU0ZTYxMjM0YjA5MmRhM2Y5N2JjNmUzMDp7Il9hdXRoX3VzZXJfaGFzaCI6IjhkODRlYjhiNDZjYWIxZmVhYTRjYThlNDM4OTRiYmZjOTgwNTY2MDIiLCJfYXV0aF91c2VyX2JhY2tlbmQiOiJkamFuZ28uY29udHJpYi5hdXRoLmJhY2tlbmRzLk1vZGVsQmFja2VuZCIsIl9hdXRoX3VzZXJfaWQiOiIxIn0=", "expire_date": "2017-08-23T02:55:46.849Z"}}, {"model": "sessions.session", "pk": "9xswcr03b8z49gx1hvv6fu9fet9ukkz1", "fields": {"session_data": "ZmJiODk5MjVhMGRhOTJhNzk0YWU5NzlhOTM4ZmIzYTdiNWQ5ZGU0NTp7Il9hdXRoX3VzZXJfaGFzaCI6IjdkMTRlOGI0Yzk3NmFkY2U2MDZiOThlNWMwNTQ0M2MwYWRkZmRiN2IiLCJfYXV0aF91c2VyX2JhY2tlbmQiOiJkamFuZ28uY29udHJpYi5hdXRoLmJhY2tlbmRzLk1vZGVsQmFja2VuZCIsIl9hdXRoX3VzZXJfaWQiOiI1In0=", "expire_date": "2017-07-10T22:43:20.403Z"}}, {"model": "sessions.session", "pk": "bcprzgap2cbuaq7eh9ltkv25zsc6wvba", "fields": {"session_data": "ZmQxOThmYTY4NWJiNmJiZmU0ZTYxMjM0YjA5MmRhM2Y5N2JjNmUzMDp7Il9hdXRoX3VzZXJfaGFzaCI6IjhkODRlYjhiNDZjYWIxZmVhYTRjYThlNDM4OTRiYmZjOTgwNTY2MDIiLCJfYXV0aF91c2VyX2JhY2tlbmQiOiJkamFuZ28uY29udHJpYi5hdXRoLmJhY2tlbmRzLk1vZGVsQmFja2VuZCIsIl9hdXRoX3VzZXJfaWQiOiIxIn0=", "expire_date": "2017-07-21T20:45:43.726Z"}}, {"model": "sessions.session", "pk": "fr5i9s3beahavvtzdpfdxgy83boqseef", "fields": {"session_data": "ZmQxOThmYTY4NWJiNmJiZmU0ZTYxMjM0YjA5MmRhM2Y5N2JjNmUzMDp7Il9hdXRoX3VzZXJfaGFzaCI6IjhkODRlYjhiNDZjYWIxZmVhYTRjYThlNDM4OTRiYmZjOTgwNTY2MDIiLCJfYXV0aF91c2VyX2JhY2tlbmQiOiJkamFuZ28uY29udHJpYi5hdXRoLmJhY2tlbmRzLk1vZGVsQmFja2VuZCIsIl9hdXRoX3VzZXJfaWQiOiIxIn0=", "expire_date": "2017-07-16T16:40:50.377Z"}}, {"model": "sessions.session", "pk": "j9rvmohx4yz8n6rc87n2sz3evaawysq1", "fields": {"session_data": "ZmQxOThmYTY4NWJiNmJiZmU0ZTYxMjM0YjA5MmRhM2Y5N2JjNmUzMDp7Il9hdXRoX3VzZXJfaGFzaCI6IjhkODRlYjhiNDZjYWIxZmVhYTRjYThlNDM4OTRiYmZjOTgwNTY2MDIiLCJfYXV0aF91c2VyX2JhY2tlbmQiOiJkamFuZ28uY29udHJpYi5hdXRoLmJhY2tlbmRzLk1vZGVsQmFja2VuZCIsIl9hdXRoX3VzZXJfaWQiOiIxIn0=", "expire_date": "2017-06-25T05:33:49.978Z"}}, {"model": "sessions.session", "pk": "jt8t4rvnvfn69mvv76gsjjbs6isl9wyt", "fields": {"session_data": "ZmQxOThmYTY4NWJiNmJiZmU0ZTYxMjM0YjA5MmRhM2Y5N2JjNmUzMDp7Il9hdXRoX3VzZXJfaGFzaCI6IjhkODRlYjhiNDZjYWIxZmVhYTRjYThlNDM4OTRiYmZjOTgwNTY2MDIiLCJfYXV0aF91c2VyX2JhY2tlbmQiOiJkamFuZ28uY29udHJpYi5hdXRoLmJhY2tlbmRzLk1vZGVsQmFja2VuZCIsIl9hdXRoX3VzZXJfaWQiOiIxIn0=", "expire_date": "2017-08-09T19:53:41.636Z"}}, {"model": "sessions.session", "pk": "nmri3gsq8u40jw07ripkwxj9z61eqd9u", "fields": {"session_data": "ZmJiODk5MjVhMGRhOTJhNzk0YWU5NzlhOTM4ZmIzYTdiNWQ5ZGU0NTp7Il9hdXRoX3VzZXJfaGFzaCI6IjdkMTRlOGI0Yzk3NmFkY2U2MDZiOThlNWMwNTQ0M2MwYWRkZmRiN2IiLCJfYXV0aF91c2VyX2JhY2tlbmQiOiJkamFuZ28uY29udHJpYi5hdXRoLmJhY2tlbmRzLk1vZGVsQmFja2VuZCIsIl9hdXRoX3VzZXJfaWQiOiI1In0=", "expire_date": "2017-07-04T04:34:45.112Z"}}, {"model": "sessions.session", "pk": "qf4eh03v9ci2oi06uz8z2f9u9nquygah", "fields": {"session_data": "ZmQxOThmYTY4NWJiNmJiZmU0ZTYxMjM0YjA5MmRhM2Y5N2JjNmUzMDp7Il9hdXRoX3VzZXJfaGFzaCI6IjhkODRlYjhiNDZjYWIxZmVhYTRjYThlNDM4OTRiYmZjOTgwNTY2MDIiLCJfYXV0aF91c2VyX2JhY2tlbmQiOiJkamFuZ28uY29udHJpYi5hdXRoLmJhY2tlbmRzLk1vZGVsQmFja2VuZCIsIl9hdXRoX3VzZXJfaWQiOiIxIn0=", "expire_date": "2017-05-30T04:06:45.831Z"}}, {"model": "sessions.session", "pk": "xbwprn2kaevak39qe3sw4vg4rsy3gixw", "fields": {"session_data": "Yjc2MTE5ZTNmYWY2YWJiZTI5NThmMzg4NzJkMDFiZmY3ZjdjMDQwZjp7Il9hdXRoX3VzZXJfaGFzaCI6IjhkODRlYjhiNDZjYWIxZmVhYTRjYThlNDM4OTRiYmZjOTgwNTY2MDIiLCJfYXV0aF91c2VyX2lkIjoiMSIsIl9hdXRoX3VzZXJfYmFja2VuZCI6ImRqYW5nby5jb250cmliLmF1dGguYmFja2VuZHMuTW9kZWxCYWNrZW5kIn0=", "expire_date": "2017-06-23T01:14:08.805Z"}}, {"model": "usuarios.director", "pk": 3, "fields": {"identificacion": "1849299", "cargo": "Profesor", "fecha_nacimiento": "2017-05-07", "groups": [], "user_permissions": []}}, {"model": "usuarios.administrador", "pk": 6, "fields": {"identificacion": "1143666852", "fecha_nacimiento": "2017-06-18", "groups": [], "user_permissions": []}}, {"model": "usuarios.diligenciador", "pk": 4, "fields": {"fecha_nacimiento": "1992-10-19", "celular": null, "direccion": null, "groups": [], "user_permissions": []}}, {"model": "usuarios.diligenciador", "pk": 5, "fields": {"fecha_nacimiento": "1992-10-19", "celular": "3124578254", "direccion": "Manga 2", "groups": [], "user_permissions": []}}, {"model": "usuarios.diligenciador", "pk": 7, "fields": {"fecha_nacimiento": "1992-10-19", "celular": null, "direccion": null, "groups": [], "user_permissions": []}}, {"model": "usuarios.diligenciador", "pk": 8, "fields": {"fecha_nacimiento": "1992-10-20", "celular": null, "direccion": null, "groups": [], "user_permissions": []}}, {"model": "usuarios.diligenciador", "pk": 9, "fields": {"fecha_nacimiento": "1992-10-19", "celular": null, "direccion": null, "groups": [], "user_permissions": []}}, {"model": "usuarios.diligenciador", "pk": 10, "fields": {"fecha_nacimiento": "1992-10-20", "celular": null, "direccion": null, "groups": [], "user_permissions": []}}, {"model": "usuarios.diligenciador", "pk": 12, "fields": {"fecha_nacimiento": "1992-10-19", "celular": "3156899783", "direccion": "chile", "groups": [], "user_permissions": []}}, {"model": "usuarios.diligenciador", "pk": 13, "fields": {"fecha_nacimiento": "1992-10-20", "celular": "3156899784", "direccion": "chile", "groups": [], "user_permissions": []}}, {"model": "usuarios.egresado", "pk": 4, "fields": {"identificacion": "1143685742", "fecha_ingreso": "2017-05-30", "fecha_egreso": "2017-05-30", "graduado": true, "groups": [], "user_permissions": []}}, {"model": "usuarios.egresado", "pk": 7, "fields": {"identificacion": "1143685755", "fecha_ingreso": "2017-05-30", "fecha_egreso": "2017-05-30", "graduado": true, "groups": [], "user_permissions": []}}, {"model": "usuarios.egresado", "pk": 8, "fields": {"identificacion": "1143685743", "fecha_ingreso": "2017-05-29", "fecha_egreso": "2017-05-29", "graduado": true, "groups": [], "user_permissions": []}}, {"model": "usuarios.egresado", "pk": 9, "fields": {"identificacion": "1143685744", "fecha_ingreso": "2017-05-30", "fecha_egreso": "2017-05-30", "graduado": true, "groups": [], "user_permissions": []}}, {"model": "usuarios.egresado", "pk": 10, "fields": {"identificacion": "1143685745", "fecha_ingreso": "2017-05-29", "fecha_egreso": "2017-05-29", "graduado": true, "groups": [], "user_permissions": []}}, {"model": "usuarios.egresado", "pk": 12, "fields": {"identificacion": "1143685747", "fecha_ingreso": "2017-05-30", "fecha_egreso": "2017-05-30", "graduado": true, "groups": [], "user_permissions": []}}, {"model": "usuarios.egresado", "pk": 13, "fields": {"identificacion": "1143685746", "fecha_ingreso": "2017-05-29", "fecha_egreso": "2017-05-29", "graduado": true, "groups": [], "user_permissions": []}}, {"model": "usuarios.grupoperiodo", "pk": 1, "fields": {"nombre": "Grupo semestre 1", "fecha": "2017-05-29", "egresados": [4]}}, {"model": "usuarios.empleador", "pk": 5, "fields": {"identificacion": null, "empresa": "tec", "nit": "4881d616516", "cargo": "Secretario", "groups": [], "user_permissions": []}}, {"model": "encuesta.pregunta", "pk": 1, "fields": {"enunciado": "Pregunta 1", "numero": 1}}, {"model": "encuesta.pregunta", "pk": 2, "fields": {"enunciado": "Pregunta 2", "numero": 2}}, {"model": "encuesta.pregunta", "pk": 3, "fields": {"enunciado": "\u00bf Numero de egresados del programa de Ingenier\u00eda de Sistemas que est\u00e1n o han estado laborando en su", "numero": 1}}, {"model": "encuesta.pregunta", "pk": 4, "fields": {"enunciado": "\u00bfComo es el desempe\u00f1o del profesional egresado del programa Ingenier\u00eda de Sistemas de la Universidad", "numero": 2}}, {"model": "encuesta.pregunta", "pk": 6, "fields": {"enunciado": "\u00bfHa participado en comit\u00e9s o en anteriores encuestas como empleador de egresado del programa Ingenie", "numero": 3}}, {"model": "encuesta.pregunta", "pk": 7, "fields": {"enunciado": "\u00bfSe ha tenido en cuenta sus opiniones en esos comit\u00e9s o encuestas?", "numero": 4}}, {"model": "encuesta.pregunta", "pk": 8, "fields": {"enunciado": "\u00bfHay medios de participaci\u00f3n donde lo vinculen como empleador en los procesos acad\u00e9micos del program", "numero": 5}}, {"model": "encuesta.pregunta", "pk": 9, "fields": {"enunciado": "\u00bfExisten ofertas acad\u00e9micas para que usted continu\u00e9 su formaci\u00f3n como profesional?", "numero": 6}}, {"model": "encuesta.pregunta", "pk": 10, "fields": {"enunciado": "\u00bfCual es el medio utilizado para comunicarse con el programa Ingenier\u00eda de Sistemas de la Universida", "numero": 7}}, {"model": "encuesta.cerrada", "pk": 1, "fields": {"multiple": true, "otro": true}}, {"model": "encuesta.cerrada", "pk": 2, "fields": {"multiple": false, "otro": true}}, {"model": "encuesta.cerrada", "pk": 3, "fields": {"multiple": false, "otro": false}}, {"model": "encuesta.cerrada", "pk": 4, "fields": {"multiple": false, "otro": false}}, {"model": "encuesta.cerrada", "pk": 6, "fields": {"multiple": false, "otro": false}}, {"model": "encuesta.cerrada", "pk": 7, "fields": {"multiple": false, "otro": false}}, {"model": "encuesta.cerrada", "pk": 8, "fields": {"multiple": false, "otro": false}}, {"model": "encuesta.cerrada", "pk": 9, "fields": {"multiple": false, "otro": false}}, {"model": "encuesta.cerrada", "pk": 10, "fields": {"multiple": false, "otro": true}}, {"model": "encuesta.opcion", "pk": 1, "fields": {"pregunta": 1, "texto": "opcion 1"}}, {"model": "encuesta.opcion", "pk": 2, "fields": {"pregunta": 1, "texto": "opcion 2"}}, {"model": "encuesta.opcion", "pk": 3, "fields": {"pregunta": 1, "texto": "opcion 3"}}, {"model": "encuesta.opcion", "pk": 4, "fields": {"pregunta": 1, "texto": "opcion 4"}}, {"model": "encuesta.opcion", "pk": 5, "fields": {"pregunta": 2, "texto": "opcion 1"}}, {"model": "encuesta.opcion", "pk": 6, "fields": {"pregunta": 2, "texto": "opcion 2"}}, {"model": "encuesta.opcion", "pk": 7, "fields": {"pregunta": 3, "texto": "1 a 5"}}, {"model": "encuesta.opcion", "pk": 8, "fields": {"pregunta": 3, "texto": "6 a 10"}}, {"model": "encuesta.opcion", "pk": 9, "fields": {"pregunta": 3, "texto": "11 o mas"}}, {"model": "encuesta.opcion", "pk": 10, "fields": {"pregunta": 4, "texto": "Exelente"}}, {"model": "encuesta.opcion", "pk": 11, "fields": {"pregunta": 4, "texto": "Bueno"}}, {"model": "encuesta.opcion", "pk": 12, "fields": {"pregunta": 4, "texto": "Regular"}}, {"model": "encuesta.opcion", "pk": 13, "fields": {"pregunta": 4, "texto": "Malo"}}, {"model": "encuesta.opcion", "pk": 18, "fields": {"pregunta": 6, "texto": "Si"}}, {"model": "encuesta.opcion", "pk": 19, "fields": {"pregunta": 6, "texto": "No"}}, {"model": "encuesta.opcion", "pk": 20, "fields": {"pregunta": 6, "texto": "Tal vez"}}, {"model": "encuesta.opcion", "pk": 21, "fields": {"pregunta": 7, "texto": "Si"}}, {"model": "encuesta.opcion", "pk": 22, "fields": {"pregunta": 7, "texto": "No"}}, {"model": "encuesta.opcion", "pk": 23, "fields": {"pregunta": 7, "texto": "Tal vez"}}, {"model": "encuesta.opcion", "pk": 24, "fields": {"pregunta": 8, "texto": "Si"}}, {"model": "encuesta.opcion", "pk": 25, "fields": {"pregunta": 8, "texto": "No"}}, {"model": "encuesta.opcion", "pk": 26, "fields": {"pregunta": 8, "texto": "Tal vez"}}, {"model": "encuesta.opcion", "pk": 27, "fields": {"pregunta": 9, "texto": "Si"}}, {"model": "encuesta.opcion", "pk": 28, "fields": {"pregunta": 9, "texto": "No"}}, {"model": "encuesta.opcion", "pk": 29, "fields": {"pregunta": 9, "texto": "Tal vez"}}, {"model": "encuesta.opcion", "pk": 30, "fields": {"pregunta": 9, "texto": "Los Desconozco"}}, {"model": "encuesta.opcion", "pk": 31, "fields": {"pregunta": 10, "texto": "Redes Sociales"}}, {"model": "encuesta.opcion", "pk": 32, "fields": {"pregunta": 10, "texto": "Correo electr\u00f3nico"}}, {"model": "encuesta.opcion", "pk": 33, "fields": {"pregunta": 10, "texto": "V\u00eda telefonica"}}, {"model": "encuesta.opcion", "pk": 34, "fields": {"pregunta": 10, "texto": "Pagina web"}}, {"model": "encuesta.instrumento", "pk": 1, "fields": {"nombre": "Encuesta 1", "descripcion": "Test", "fecha": "2017-05-29T19:32:18.760Z", "tipo": false, "preguntas": [1, 2]}}, {"model": "encuesta.instrumento", "pk": 3, "fields": {"nombre": "Empleador encuesta 1.0", "descripcion": "Encuesta Egresados 1.0\r\nSe recomienda responder todas las preguntas con sinceridad ya que los datos se usaran como soporte a las conclusiones del proyecto de grado\"\"Herramienta inform\u00e1tica para apoyar los medios de participaci\u00f3n del egresado del programa de Ingenier\u00eda de Sistemas de la Universidad de Cartagena\".", "fecha": "2017-06-19T05:54:39.817Z", "tipo": true, "preguntas": [3, 4, 6, 7, 8, 9, 10]}}, {"model": "banco_encuesta.asignarencuesta", "pk": 1, "fields": {"instrumento": 1, "fecha": "2017-06-11T05:30:39.344Z"}}, {"model": "banco_encuesta.asignarencuesta", "pk": 2, "fields": {"instrumento": 3, "fecha": "2017-06-19T06:05:45.730Z"}}, {"model": "banco_encuesta.asignarencuesta", "pk": 3, "fields": {"instrumento": 3, "fecha": "2017-06-19T23:08:59.761Z"}}, {"model": "banco_encuesta.asignarencuesta", "pk": 4, "fields": {"instrumento": 3, "fecha": "2017-06-26T22:42:39.505Z"}}, {"model": "banco_encuesta.asignarencuesta", "pk": 5, "fields": {"instrumento": 3, "fecha": "2017-06-26T22:52:51.199Z"}}, {"model": "banco_encuesta.asignarencuesta", "pk": 6, "fields": {"instrumento": 1, "fecha": "2017-07-02T20:17:21.451Z"}}, {"model": "banco_encuesta.asignarencuestaegresado", "pk": 6, "fields": {"grupo": null, "egresados": [4]}}, {"model": "banco_encuesta.asignarencuestaempleador", "pk": 3, "fields": {"empleadores": [5]}}, {"model": "banco_encuesta.asignarencuestaempleador", "pk": 4, "fields": {"empleadores": [5]}}, {"model": "banco_encuesta.asignarencuestaempleador", "pk": 5, "fields": {"empleadores": [5]}}, {"model": "banco_encuesta.formulariod", "pk": 1, "fields": {"asignacion": 1, "diligenciador": 4, "fecha": "2017-06-19T04:46:30.024Z"}}, {"model": "banco_encuesta.formulariod", "pk": 2, "fields": {"asignacion": 3, "diligenciador": 5, "fecha": "2017-06-26T22:39:41.887Z"}}, {"model": "banco_encuesta.formulariod", "pk": 3, "fields": {"asignacion": 4, "diligenciador": 5, "fecha": "2017-06-26T22:51:45.573Z"}}, {"model": "banco_encuesta.formulariod", "pk": 4, "fields": {"asignacion": 5, "diligenciador": 5, "fecha": "2017-06-26T22:53:12.624Z"}}, {"model": "banco_encuesta.respuesta", "pk": 1, "fields": {"encuesta": 1}}, {"model": "banco_encuesta.respuesta", "pk": 2, "fields": {"encuesta": 1}}, {"model": "banco_encuesta.respuesta", "pk": 3, "fields": {"encuesta": 2}}, {"model": "banco_encuesta.respuesta", "pk": 4, "fields": {"encuesta": 2}}, {"model": "banco_encuesta.respuesta", "pk": 5, "fields": {"encuesta": 2}}, {"model": "banco_encuesta.respuesta", "pk": 6, "fields": {"encuesta": 2}}, {"model": "banco_encuesta.respuesta", "pk": 7, "fields": {"encuesta": 2}}, {"model": "banco_encuesta.respuesta", "pk": 8, "fields": {"encuesta": 2}}, {"model": "banco_encuesta.respuesta", "pk": 9, "fields": {"encuesta": 2}}, {"model": "banco_encuesta.respuesta", "pk": 10, "fields": {"encuesta": 3}}, {"model": "banco_encuesta.respuesta", "pk": 11, "fields": {"encuesta": 3}}, {"model": "banco_encuesta.respuesta", "pk": 12, "fields": {"encuesta": 3}}, {"model": "banco_encuesta.respuesta", "pk": 13, "fields": {"encuesta": 3}}, {"model": "banco_encuesta.respuesta", "pk": 14, "fields": {"encuesta": 3}}, {"model": "banco_encuesta.respuesta", "pk": 15, "fields": {"encuesta": 3}}, {"model": "banco_encuesta.respuesta", "pk": 16, "fields": {"encuesta": 3}}, {"model": "banco_encuesta.respuesta", "pk": 17, "fields": {"encuesta": 3}}, {"model": "banco_encuesta.respuesta", "pk": 18, "fields": {"encuesta": 4}}, {"model": "banco_encuesta.respuesta", "pk": 19, "fields": {"encuesta": 4}}, {"model": "banco_encuesta.respuesta", "pk": 20, "fields": {"encuesta": 4}}, {"model": "banco_encuesta.respuesta", "pk": 21, "fields": {"encuesta": 4}}, {"model": "banco_encuesta.respuesta", "pk": 22, "fields": {"encuesta": 4}}, {"model": "banco_encuesta.respuesta", "pk": 23, "fields": {"encuesta": 4}}, {"model": "banco_encuesta.respuesta", "pk": 24, "fields": {"encuesta": 4}}, {"model": "banco_encuesta.respuesta", "pk": 25, "fields": {"encuesta": 4}}, {"model": "banco_encuesta.cerrada", "pk": 1, "fields": {"pregunta": 1, "respuestas": [2]}}, {"model": "banco_encuesta.cerrada", "pk": 2, "fields": {"pregunta": 2, "respuestas": [4]}}, {"model": "banco_encuesta.cerrada", "pk": 3, "fields": {"pregunta": 3, "respuestas": [7]}}, {"model": "banco_encuesta.cerrada", "pk": 4, "fields": {"pregunta": 4, "respuestas": [11]}}, {"model": "banco_encuesta.cerrada", "pk": 5, "fields": {"pregunta": 6, "respuestas": [18]}}, {"model": "banco_encuesta.cerrada", "pk": 6, "fields": {"pregunta": 7, "respuestas": [21]}}, {"model": "banco_encuesta.cerrada", "pk": 7, "fields": {"pregunta": 8, "respuestas": [26]}}, {"model": "banco_encuesta.cerrada", "pk": 8, "fields": {"pregunta": 9, "respuestas": [27]}}, {"model": "banco_encuesta.cerrada", "pk": 9, "fields": {"pregunta": 10, "respuestas": [31]}}, {"model": "banco_encuesta.cerrada", "pk": 10, "fields": {"pregunta": 3, "respuestas": [7]}}, {"model": "banco_encuesta.cerrada", "pk": 11, "fields": {"pregunta": 4, "respuestas": [10]}}, {"model": "banco_encuesta.cerrada", "pk": 12, "fields": {"pregunta": 6, "respuestas": [18]}}, {"model": "banco_encuesta.cerrada", "pk": 13, "fields": {"pregunta": 7, "respuestas": [22]}}, {"model": "banco_encuesta.cerrada", "pk": 14, "fields": {"pregunta": 8, "respuestas": [24]}}, {"model": "banco_encuesta.cerrada", "pk": 15, "fields": {"pregunta": 9, "respuestas": [28]}}, {"model": "banco_encuesta.cerrada", "pk": 16, "fields": {"pregunta": 10, "respuestas": [33]}}, {"model": "banco_encuesta.cerrada", "pk": 18, "fields": {"pregunta": 3, "respuestas": [8]}}, {"model": "banco_encuesta.cerrada", "pk": 19, "fields": {"pregunta": 4, "respuestas": [10]}}, {"model": "banco_encuesta.cerrada", "pk": 20, "fields": {"pregunta": 6, "respuestas": [18]}}, {"model": "banco_encuesta.cerrada", "pk": 21, "fields": {"pregunta": 7, "respuestas": [23]}}, {"model": "banco_encuesta.cerrada", "pk": 22, "fields": {"pregunta": 8, "respuestas": [26]}}, {"model": "banco_encuesta.cerrada", "pk": 23, "fields": {"pregunta": 9, "respuestas": [30]}}, {"model": "banco_encuesta.cerrada", "pk": 24, "fields": {"pregunta": 10, "respuestas": [34]}}, {"model": "banco_encuesta.otros", "pk": 17, "fields": {"pregunta": 10, "respuesta": "LLegando a la sede"}}, {"model": "banco_encuesta.otros", "pk": 25, "fields": {"pregunta": 10, "respuesta": "LLegando a la sede"}}]